,success,failure_predator,failure_timeout,Prey_know,Predator_known,Average_Timesteps
0,70.2,29.8,0.0,2.559696889593797,24.6908685053015,22.697999999999997
1,3.5345909711497496,3.53459097114975,0.0,0.4339677227674203,1.895361771959997,1.4679609440762835
