,success,failure_predator,failure_timeout,Prey_know,Predator_known,Average_Timesteps
0,34.13333333333333,65.86666666666667,0.0,3.129535094159226,14.269860511174475,19.52366666666666
1,4.0721274810867865,4.072127481086787,0.0,0.5635819979066691,1.3966168209463434,1.2679234554533996
